{
  "-9086170299995067803_-742273650163733861": [
    [
      1.0,
      0.5,
      0.5,
      0.5,
      0.5
    ],
    [
      2.0,
      1.0,
      0.5,
      1.5,
      1.0
    ],
    [
      2.0,
      2.0,
      1.0,
      1.5,
      0.5
    ],
    [
      2.0,
      0.6666666666666666,
      0.6666666666666666,
      1.0,
      0.5
    ],
    [
      2.0,
      1.0,
      2.0,
      2.0,
      1.0
    ]
  ],
  "-6944744976304080529_-742273650163733861": [
    [
      1.0,
      1.0,
      1.0,
      1.5,
      1.0
    ],
    [
      1.0,
      1.0,
      1.0,
      1.0,
      1.0
    ],
    [
      1.0,
      1.0,
      1.0,
      1.0,
      1.0
    ],
    [
      0.6666666666666666,
      1.0,
      1.0,
      1.0,
      1.0
    ],
    [
      1.0,
      1.0,
      1.0,
      1.0,
      1.0
    ]
  ],
  "-6944744976304080529_-8083560519770298461": [
    [
      1.0,
      1.5,
      1.5,
      1.5,
      1.5
    ],
    [
      0.6666666666666666,
      1.0,
      1.3,
      1.5,
      1.2
    ],
    [
      0.6666666666666666,
      0.7692307692307692,
      1.0,
      1.5,
      1.2
    ],
    [
      0.6666666666666666,
      0.6666666666666666,
      0.6666666666666666,
      1.0,
      1.5
    ],
    [
      0.6666666666666666,
      0.8333333333333334,
      0.8333333333333334,
      0.6666666666666666,
      1.0
    ]
  ],
  "-6944744976304080529_4455233108147342236_-8083560519770298461": [
    [
      1.0,
      1.5,
      1.5,
      1.5,
      1.5
    ],
    [
      0.6666666666666666,
      1.0,
      1.2,
      0.7,
      1.2
    ],
    [
      0.6666666666666666,
      0.8333333333333334,
      1.0,
      1.2,
      1.3
    ],
    [
      0.6666666666666666,
      1.4285714285714286,
      0.8333333333333334,
      1.0,
      1.5
    ],
    [
      0.6666666666666666,
      0.8333333333333334,
      0.7692307692307692,
      0.6666666666666666,
      1.0
    ]
  ],
  "-6944744976304080529_1912103496831126149_-8083560519770298461": [
    [
      1.0,
      1.5,
      1.3,
      1.5,
      1.5
    ],
    [
      0.6666666666666666,
      1.0,
      1.2,
      0.7,
      1.2
    ],
    [
      0.7692307692307692,
      0.8333333333333334,
      1.0,
      1.5,
      1.5
    ],
    [
      0.6666666666666666,
      1.4285714285714286,
      0.6666666666666666,
      1.0,
      1.5
    ],
    [
      0.6666666666666666,
      0.8333333333333334,
      0.6666666666666666,
      0.6666666666666666,
      1.0
    ]
  ],
  "-7975788768511085208_1912103496831126149_-8083560519770298461": [
    [
      1.0,
      1.5,
      0.8,
      1.3,
      1.5
    ],
    [
      0.6666666666666666,
      1.0,
      0.8,
      0.7,
      1.3
    ],
    [
      1.25,
      1.25,
      1.0,
      1.2,
      1.2
    ],
    [
      0.7692307692307692,
      1.4285714285714286,
      0.8333333333333334,
      1.0,
      1.5
    ],
    [
      0.6666666666666666,
      0.7692307692307692,
      0.8333333333333334,
      0.6666666666666666,
      1.0
    ]
  ],
  "-7975788768511085208_974817683975549321_-8083560519770298461": {
    "pcm": [
      [
        1.0,
        1.5,
        1.3,
        1.5,
        1.5
      ],
      [
        0.6666666666666666,
        1.0,
        0.7666666666666666,
        0.6999999999999998,
        1.0999999999999999
      ],
      [
        0.7692307692307692,
        1.3043478260869565,
        1.0,
        1.3333333333333333,
        1.2
      ],
      [
        0.6666666666666666,
        1.4285714285714288,
        0.75,
        1.0,
        1.5
      ],
      [
        0.6666666666666666,
        0.9090909090909092,
        0.8333333333333334,
        0.6666666666666666,
        1.0
      ]
    ],
    "variance": [
      [
        0.0,
        0.0,
        0.0,
        0.0,
        0.0
      ],
      [
        0.0,
        0.0,
        0.0022222222222222266,
        1.232595164407831e-32,
        0.04666666666666666
      ],
      [
        0.0,
        0.0022222222222222266,
        0.0,
        0.015555555555555559,
        0.0
      ],
      [
        0.0,
        1.232595164407831e-32,
        0.015555555555555559,
        0.0,
        0.0
      ],
      [
        0.0,
        0.04666666666666666,
        0.0,
        0.0,
        0.0
      ]
    ]
  },
  "-7975788768511085208_974817683975549321_-3892450148673354021": {
    "pcm": [
      [
        1.0,
        1.5,
        1.4333333333333333,
        1.3666666666666665
      ],
      [
        0.6666666666666666,
        1.0,
        0.9666666666666668,
        0.6999999999999998
      ],
      [
        0.6976744186046512,
        1.0344827586206895,
        1.0,
        1.3333333333333333
      ],
      [
        0.7317073170731708,
        1.4285714285714288,
        0.75,
        1.0
      ]
    ],
    "variance": [
      [
        0.0,
        0.0,
        0.008888888888888885,
        0.008888888888888885
      ],
      [
        0.0,
        0.0,
        0.05555555555555556,
        1.232595164407831e-32
      ],
      [
        0.008888888888888885,
        0.05555555555555556,
        0.0,
        0.015555555555555559
      ],
      [
        0.008888888888888885,
        1.232595164407831e-32,
        0.015555555555555559,
        0.0
      ]
    ]
  },
  "-7324914130707150038_974817683975549321_-8083560519770298461": {
    "pcm": [
      [
        1.0,
        1.7666666666666666,
        1.4333333333333333,
        1.4333333333333333,
        1.4333333333333333
      ],
      [
        0.5660377358490566,
        1.0,
        1.0333333333333332,
        0.7333333333333334,
        1.2
      ],
      [
        0.6976744186046512,
        0.9677419354838711,
        1.0,
        1.3333333333333333,
        1.5
      ],
      [
        0.6976744186046512,
        1.3636363636363635,
        0.75,
        1.0,
        1.5
      ],
      [
        0.6976744186046512,
        0.8333333333333334,
        0.6666666666666666,
        0.6666666666666666,
        1.0
      ]
    ],
    "variance": [
      [
        0.0,
        0.27555555555555555,
        0.008888888888888885,
        0.008888888888888885,
        0.008888888888888885
      ],
      [
        0.27555555555555555,
        0.0,
        0.05555555555555556,
        0.0022222222222222266,
        0.0
      ],
      [
        0.008888888888888885,
        0.05555555555555556,
        0.0,
        0.015555555555555559,
        0.0
      ],
      [
        0.008888888888888885,
        0.0022222222222222266,
        0.015555555555555559,
        0.0,
        0.0
      ],
      [
        0.008888888888888885,
        0.0,
        0.0,
        0.0,
        0.0
      ]
    ]
  },
  "6939968514262043650_974817683975549321_-8083560519770298461": {
    "pcm": [
      [
        1.0,
        1.5,
        1.5,
        1.4000000000000001,
        1.5
      ],
      [
        0.6666666666666666,
        1.0,
        1.0,
        1.2,
        1.0
      ],
      [
        0.6666666666666666,
        1.0,
        1.0,
        1.0,
        1.0
      ],
      [
        0.7142857142857142,
        0.8333333333333334,
        1.0,
        1.0,
        1.0
      ],
      [
        0.6666666666666666,
        1.0,
        1.0,
        1.0,
        1.0
      ]
    ],
    "variance": [
      [
        0.0,
        0.0,
        0.0,
        0.020000000000000007,
        0.0
      ],
      [
        0.0,
        0.0,
        0.0,
        0.0,
        0.0
      ],
      [
        0.0,
        0.0,
        0.0,
        0.0,
        0.0
      ],
      [
        0.020000000000000007,
        0.0,
        0.0,
        0.0,
        0.0
      ],
      [
        0.0,
        0.0,
        0.0,
        0.0,
        0.0
      ]
    ]
  },