{
  "-7324914130707150038_974817683975549321_-8083560519770298461": {
    "pcm": [
      [
        1.0,
        1.5,
        1.2666666666666666,
        1.3,
        1.4333333333333333
      ],
      [
        1.2333333333333334,
        1.0,
        1.2333333333333334,
        0.9,
        1.2
      ],
      [
        1.4000000000000001,
        1.3666666666666665,
        1.0,
        1.2333333333333334,
        1.4333333333333333
      ],
      [
        1.5,
        2.033333333333333,
        1.5,
        1.0,
        1.7
      ],
      [
        1.3,
        1.2,
        1.0666666666666667,
        0.7666666666666666,
        1.0
      ]
    ],
    "variance": [
      [
        0.0,
        0.0,
        0.0022222222222222266,
        0.0,
        0.008888888888888885
      ],
      [
        0.0022222222222222266,
        0.0,
        0.0022222222222222266,
        0.04666666666666666,
        0.0
      ],
      [
        0.020000000000000007,
        0.008888888888888885,
        0.0,
        0.0022222222222222266,
        0.008888888888888885
      ],
      [
        0.0,
        0.14222222222222217,
        0.0,
        0.0,
        0.020000000000000004
      ],
      [
        0.020000000000000004,
        0.0,
        0.03555555555555554,
        0.002222222222222226,
        0.0
      ]
    ]
  }
}