{
  "-9086170299995067803_-742273650163733861": [
    [
      1.0,
      0.5,
      0.5,
      0.5,
      0.5
    ],
    [
      2.0,
      1.0,
      0.5,
      1.5,
      1.0
    ],
    [
      2.0,
      2.0,
      1.0,
      1.5,
      0.5
    ],
    [
      2.0,
      0.6666666666666666,
      0.6666666666666666,
      1.0,
      0.5
    ],
    [
      2.0,
      1.0,
      2.0,
      2.0,
      1.0
    ]
  ],
  "-6944744976304080529_-742273650163733861": [
    [
      1.0,
      1.0,
      1.0,
      1.5,
      1.0
    ],
    [
      1.0,
      1.0,
      1.0,
      1.0,
      1.0
    ],
    [
      1.0,
      1.0,
      1.0,
      1.0,
      1.0
    ],
    [
      0.6666666666666666,
      1.0,
      1.0,
      1.0,
      1.0
    ],
    [
      1.0,
      1.0,
      1.0,
      1.0,
      1.0
    ]
  ],
  "-6944744976304080529_-8083560519770298461": [
    [
      1.0,
      1.5,
      1.5,
      1.5,
      1.5
    ],
    [
      0.6666666666666666,
      1.0,
      1.3,
      1.5,
      1.2
    ],
    [
      0.6666666666666666,
      0.7692307692307692,
      1.0,
      1.5,
      1.2
    ],
    [
      0.6666666666666666,
      0.6666666666666666,
      0.6666666666666666,
      1.0,
      1.5
    ],
    [
      0.6666666666666666,
      0.8333333333333334,
      0.8333333333333334,
      0.6666666666666666,
      1.0
    ]
  ],
  "-6944744976304080529_4455233108147342236_-8083560519770298461": [
    [
      1.0,
      1.5,
      1.5,
      1.5,
      1.5
    ],
    [
      0.6666666666666666,
      1.0,
      1.2,
      0.7,
      1.2
    ],
    [
      0.6666666666666666,
      0.8333333333333334,
      1.0,
      1.2,
      1.3
    ],
    [
      0.6666666666666666,
      1.4285714285714286,
      0.8333333333333334,
      1.0,
      1.5
    ],
    [
      0.6666666666666666,
      0.8333333333333334,
      0.7692307692307692,
      0.6666666666666666,
      1.0
    ]
  ],
  "-6944744976304080529_1912103496831126149_-8083560519770298461": [
    [
      1.0,
      1.5,
      1.3,
      1.5,
      1.5
    ],
    [
      0.6666666666666666,
      1.0,
      1.2,
      0.7,
      1.2
    ],
    [
      0.7692307692307692,
      0.8333333333333334,
      1.0,
      1.5,
      1.5
    ],
    [
      0.6666666666666666,
      1.4285714285714286,
      0.6666666666666666,
      1.0,
      1.5
    ],
    [
      0.6666666666666666,
      0.8333333333333334,
      0.6666666666666666,
      0.6666666666666666,
      1.0
    ]
  ],
  "-7975788768511085208_1912103496831126149_-8083560519770298461": [
    [
      1.0,
      1.5,
      0.8,
      1.3,
      1.5
    ],
    [
      0.6666666666666666,
      1.0,
      0.8,
      0.7,
      1.3
    ],
    [
      1.25,
      1.25,
      1.0,
      1.2,
      1.2
    ],
    [
      0.7692307692307692,
      1.4285714285714286,
      0.8333333333333334,
      1.0,
      1.5
    ],
    [
      0.6666666666666666,
      0.7692307692307692,
      0.8333333333333334,
      0.6666666666666666,
      1.0
    ]
  ]
}